"id","cn_name","en_name","custom","city","start_time","end_time","dateline","pic"
64,"第八届中国北京国际文化创意产业博览会","The 8th China Beijing International Cultural & Creative Industry Expo","北京世界贸易中心","北京",1383753600000,1384012800000,1506011792643,"[{\"url\":\"/static/upload/20170922_003612.jpg\",\"name\":\"c01.jpg\"},{\"url\":\"/static/upload/20170922_003615.jpg\",\"name\":\"c02.jpg\"},{\"url\":\"/static/upload/20170922_003619.jpg\",\"name\":\"c04.jpg\"},{\"url\":\"/static/upload/20170922_003630.jpg\",\"name\":\"c01.jpg\"}]"
65,"2013京交会“中国国际智能化技术与服务大会”","UrbanTec China Conference@CIFTIS 2013","科隆展览（北京）有限公司","北京",1369756800000,1369843200000,1506184522705,"[{\"url\":\"/static/upload/20170923_234139.jpg\",\"name\":\"01.jpg\"},{\"url\":\"/static/upload/20170923_234143.jpg\",\"name\":\"02.jpg\"},{\"url\":\"/static/upload/20170923_234146.jpg\",\"name\":\"03.jpg\"},{\"url\":\"/static/upload/20170923_234149.jpg\",\"name\":\"04.jpg\"}]"
66,"2012京交会“中国国际城市智能化技术与服务大会”","UrbanTec China Conference@CIFTIS 2012","科隆展览（北京）有限公司","北京",1338134400000,1338480000000,1506184534470,"[{\"url\":\"/static/upload/20170923_234323.jpg\",\"name\":\"01.jpg\"},{\"url\":\"/static/upload/20170923_234326.jpg\",\"name\":\"02.jpg\"},{\"url\":\"/static/upload/20170923_234329.jpg\",\"name\":\"03.jpg\"},{\"url\":\"/static/upload/20170923_234332.jpg\",\"name\":\"04.jpg\"}]"
67,"2013第23届中国国际游乐设施设备博览会","China Atractions Expo 2013","中国游艺机游乐园协会","北京",1363449600000,1363622400000,1506184555287,"[{\"url\":\"/static/upload/20170923_234511.jpg\",\"name\":\"01.jpg\"},{\"url\":\"/static/upload/20170923_234514.jpg\",\"name\":\"02.jpg\"},{\"url\":\"/static/upload/20170923_234517.jpg\",\"name\":\"03.jpg\"},{\"url\":\"/static/upload/20170923_234521.jpg\",\"name\":\"04.jpg\"}]"
68,"中国国际马业马术展览会2012","CHINA HORSE FAIR 2012","上海好博塔苏斯展览有限公司","北京",1353168000000,1353340800000,1506181634007,"[{\"url\":\"/static/upload/20170923_234702.jpg\",\"name\":\"01.jpg\"},{\"url\":\"/static/upload/20170923_234705.jpg\",\"name\":\"02.jpg\"},{\"url\":\"/static/upload/20170923_234708.jpg\",\"name\":\"03.jpg\"},{\"url\":\"/static/upload/20170923_234711.jpg\",\"name\":\"04.jpg\"}]"
69,"2014中国（北京）国际服务贸易交易会-文资办展台","China Beijing International Fair For Trade In Services 2014","北京市国有文化资产监督管理办公室","北京",1401206400000,1401552000000,1506184374226,"[{\"url\":\"/static/upload/20170923_234852.jpg\",\"name\":\"01.jpg\"},{\"url\":\"/static/upload/20170923_234855.jpg\",\"name\":\"02.jpg\"},{\"url\":\"/static/upload/20170923_234858.jpg\",\"name\":\"03.jpg\"},{\"url\":\"/static/upload/20170923_234902.jpg\",\"name\":\"04.jpg\"}]"
70,"2014中国（北京）国际服务贸易交易会-马来西亚展台","China Beijing International Fair For Trade In Services 2014","马来西亚贸促局","北京",1401206400000,1401552000000,1506184387384,"[{\"url\":\"/static/upload/20170923_235016.jpg\",\"name\":\"01.jpg\"},{\"url\":\"/static/upload/20170923_235019.jpg\",\"name\":\"02.jpg\"},{\"url\":\"/static/upload/20170923_235022.jpg\",\"name\":\"03.jpg\"},{\"url\":\"/static/upload/20170923_235025.jpg\",\"name\":\"04.jpg\"}]"
71,"2014中国（北京）国际服务贸易交易会-医疗板块展台","China Beijing International Fair For Trade In Services 2014","慈铭集团","北京",1401206400000,1401552000000,1506184400220,"[{\"url\":\"/static/upload/20170923_235131.jpg\",\"name\":\"01.jpg\"},{\"url\":\"/static/upload/20170923_235135.jpg\",\"name\":\"02.jpg\"},{\"url\":\"/static/upload/20170923_235138.jpg\",\"name\":\"03.jpg\"},{\"url\":\"/static/upload/20170923_235141.jpg\",\"name\":\"04.jpg\"}]"
72,"第十二届中国国际铸造博览会-星和众工展台","Metal + Metallurgy China 2014","北京星和众工设备技术有限公司","北京",1400428800000,1400688000000,1506184411841,"[{\"url\":\"/static/upload/20170923_235244.jpg\",\"name\":\"01.jpg\"},{\"url\":\"/static/upload/20170923_235247.jpg\",\"name\":\"02.jpg\"},{\"url\":\"/static/upload/20170923_235251.jpg\",\"name\":\"03.jpg\"},{\"url\":\"/static/upload/20170923_235254.jpg\",\"name\":\"04.jpg\"}]"
73,"第十二届中国国际铸造博览会-好迪展台","Metal + Metallurgy China 2014","常州好迪机械有限公司","北京",1400428800000,1400688000000,1506184423855,"[{\"url\":\"/static/upload/20170923_235400.jpg\",\"name\":\"01.jpg\"},{\"url\":\"/static/upload/20170923_235409.jpg\",\"name\":\"02.jpg\"},{\"url\":\"/static/upload/20170923_235412.jpg\",\"name\":\"03.jpg\"},{\"url\":\"/static/upload/20170923_235415.jpg\",\"name\":\"04.jpg\"}]"
74,"2013中国（北京）国际服务贸易交易会-文资办展台","China Beijing International Fair For Trade In Services 2013","中国世界贸易中心","北京",1369670400000,1370016000000,1506184489976,"[{\"url\":\"/static/upload/20170923_235516.jpg\",\"name\":\"01.jpg\"},{\"url\":\"/static/upload/20170923_235521.JPG\",\"name\":\"02.JPG\"},{\"url\":\"/static/upload/20170923_235524.JPG\",\"name\":\"03.JPG\"},{\"url\":\"/static/upload/20170923_235527.JPG\",\"name\":\"04.JPG\"}]"
75,"第五届中国北京国际警用装备及反恐技术装备展览会-依维柯","CIPATE 2013-NAVECO","南京依维柯汽车有限公司","北京",1368374400000,1368720000000,1506184478545,"[{\"url\":\"/static/upload/20170923_235641.jpg\",\"name\":\"01.jpg\"},{\"url\":\"/static/upload/20170923_235645.jpg\",\"name\":\"02.jpg\"},{\"url\":\"/static/upload/20170923_235648.jpg\",\"name\":\"03.jpg\"},{\"url\":\"/static/upload/20170923_235651.jpg\",\"name\":\"04.jpg\"}]"
76,"2012（第十二届）北京国际汽车展览会-太平洋汽车网","Auto China 2012","太平洋汽车网","北京",1335283200000,1335888000000,1506184467309,"[{\"url\":\"/static/upload/20170923_235830.JPG\",\"name\":\"01.JPG\"},{\"url\":\"/static/upload/20170923_235833.JPG\",\"name\":\"02.JPG\"},{\"url\":\"/static/upload/20170923_235836.JPG\",\"name\":\"03.JPG\"},{\"url\":\"/static/upload/20170923_235839.JPG\",\"name\":\"04.JPG\"}]"
77,"2012（第十二届）北京国际汽车展览会-车讯网","Auto China 2012","车讯网","北京",1335283200000,1335888000000,1506184454743,"[{\"url\":\"/static/upload/20170923_235939.JPG\",\"name\":\"01.JPG\"},{\"url\":\"/static/upload/20170923_235942.JPG\",\"name\":\"02.JPG\"},{\"url\":\"/static/upload/20170923_235945.JPG\",\"name\":\"03.JPG\"},{\"url\":\"/static/upload/20170923_235948.jpg\",\"name\":\"04.jpg\"}]"
78,"2012（第十二届）北京国际汽车展览会-卓众汽车网","Auto China 2012","卓众汽车网","北京",1335283200000,1335888000000,1506184340014,"[{\"url\":\"/static/upload/20170924_000050.JPG\",\"name\":\"01.JPG\"},{\"url\":\"/static/upload/20170924_000053.JPG\",\"name\":\"02.JPG\"},{\"url\":\"/static/upload/20170924_000056.JPG\",\"name\":\"03.JPG\"},{\"url\":\"/static/upload/20170924_000059.JPG\",\"name\":\"04.JPG\"}]"
79,"2014-99好车巡回展","巡回展站：北京—重庆—上海—杭州","99好车","北京",1411315200000,1412179200000,1506184271984,"[{\"url\":\"/static/upload/20170924_000241.jpg\",\"name\":\"01.jpg\"},{\"url\":\"/static/upload/20170924_000244.jpg\",\"name\":\"02.jpg\"},{\"url\":\"/static/upload/20170924_000247.jpg\",\"name\":\"03.jpg\"},{\"url\":\"/static/upload/20170924_000250.jpg\",\"name\":\"04.jpg\"}]"
80,"2014KTM X-BOW 中国首场试驾活动","KTM X-BOW Test Drive 2014","锐益轲汽车贸易（上海）有限公司","北京",1398096000000,1398182400000,1506184282813,"[{\"url\":\"/static/upload/20170924_000400.jpg\",\"name\":\"01.jpg\"},{\"url\":\"/static/upload/20170924_000403.jpg\",\"name\":\"02.jpg\"},{\"url\":\"/static/upload/20170924_000406.jpg\",\"name\":\"03.jpg\"},{\"url\":\"/static/upload/20170924_000410.jpg\",\"name\":\"04.jpg\"}]"
81,"2013京交会“中国国际智能化技术与服务大会”","UrbanTec China Conference@CIFTIS 2013","科隆展览（北京）有限公司","北京",1369756800000,1369843200000,1506184296005,"[{\"url\":\"/static/upload/20170924_000513.jpg\",\"name\":\"01.jpg\"},{\"url\":\"/static/upload/20170924_000516.jpg\",\"name\":\"02.jpg\"},{\"url\":\"/static/upload/20170924_000519.jpg\",\"name\":\"03.jpg\"},{\"url\":\"/static/upload/20170924_000522.jpg\",\"name\":\"04.jpg\"}]"
82,"2013哈尔滨世界农业博览会","Agriculture & Food Expo Harbin 2013","科隆展览（北京）有限公司","北京",1378310400000,1378396800000,1506184314637,"[{\"url\":\"/static/upload/20170924_000616.jpg\",\"name\":\"01.jpg\"},{\"url\":\"/static/upload/20170924_000619.JPG\",\"name\":\"02.JPG\"},{\"url\":\"/static/upload/20170924_000622.JPG\",\"name\":\"03.JPG\"},{\"url\":\"/static/upload/20170924_000626.jpg\",\"name\":\"04.jpg\"}]"
83,"2011中国清洁电力论坛暨中国国际清洁博览会","China Power & Clean Energy Expo China 2011","科隆展览（北京）有限公司","北京",1308672000000,1308844800000,1506184323253,"[{\"url\":\"/static/upload/20170924_000728.JPG\",\"name\":\"01.JPG\"},{\"url\":\"/static/upload/20170924_000731.JPG\",\"name\":\"02.JPG\"},{\"url\":\"/static/upload/20170924_000734.JPG\",\"name\":\"03.JPG\"},{\"url\":\"/static/upload/20170924_000737.JPG\",\"name\":\"04.JPG\"}]"
87,"建党90周年-海关总署","TBirthday gift idea for Chinese party Creative Exhibition","海关总署","北京",1295798400000,1295798400000,1506183881198,"[{\"url\":\"/static/upload/20170924_001523.JPG\",\"name\":\"01.JPG\"},{\"url\":\"/static/upload/20170924_001526.JPG\",\"name\":\"02.JPG\"},{\"url\":\"/static/upload/20170924_001530.JPG\",\"name\":\"04.JPG\"},{\"url\":\"/static/upload/20170924_001533.JPG\",\"name\":\"03.JPG\"}]"
88,"北京缉私局展厅","Beijing Anti-smuggling Bureau Hall","北京缉私局","北京",1295798400000,1295798400000,1506184015112,"[{\"url\":\"/static/upload/20170924_002644.jpg\",\"name\":\"01.jpg\"},{\"url\":\"/static/upload/20170924_002647.jpg\",\"name\":\"02.jpg\"},{\"url\":\"/static/upload/20170924_002650.jpg\",\"name\":\"03.jpg\"},{\"url\":\"/static/upload/20170924_002653.jpg\",\"name\":\"04.jpg\"}]"
89,"中关村海关展厅","Zhongguancun Customs Hall","中关村海关","北京",1323014400000,1323100800000,1506189139159,"[{\"url\":\"/static/upload/20170924_002931.jpg\",\"name\":\"01.jpg\"},{\"url\":\"/static/upload/20170924_002934.jpg\",\"name\":\"03.jpg\"},{\"url\":\"/static/upload/20170924_002937.jpg\",\"name\":\"04.jpg\"},{\"url\":\"/static/upload/20170924_002940.jpg\",\"name\":\"04.jpg\"}]"
91,"2016年捷克布尔诺国际机械工业博览会","BVV Trade Fairs Brno","浙江远大","德国",1475424000000,1475769600000,1506231827992,"[{\"url\":\"/static/upload/20170924_134336.jpg\",\"name\":\"1-01.jpg\"},{\"url\":\"/static/upload/20170924_134339.jpg\",\"name\":\"2-01.jpg\"},{\"url\":\"/static/upload/20170924_134343.jpg\",\"name\":\"3-01.jpg\"},{\"url\":\"/static/upload/20170924_134346.jpg\",\"name\":\"4-01.jpg\"}]"
92,"2017年美国拉斯维加斯国际五金及园艺展览会","National Hardware Show","美国客户","美国",1494259200000,1494432000000,1506231933920,"[{\"url\":\"/static/upload/20170924_134518.jpg\",\"name\":\"1-01.jpg\"},{\"url\":\"/static/upload/20170924_134521.jpg\",\"name\":\"2-01.jpg\"},{\"url\":\"/static/upload/20170924_134526.jpg\",\"name\":\"3-01.jpg\"},{\"url\":\"/static/upload/20170924_134529.jpg\",\"name\":\"4-01.jpg\"}]"
93,"2017年美国广电展","NAB SHOW","美国客户","美国",1492963200000,1493222400000,1506232002503,"[{\"url\":\"/static/upload/20170924_134628.jpg\",\"name\":\"1-01.jpg\"},{\"url\":\"/static/upload/20170924_134635.jpg\",\"name\":\"2-01.jpg\"},{\"url\":\"/static/upload/20170924_134638.jpg\",\"name\":\"3-01.jpg\"},{\"url\":\"/static/upload/20170924_134641.jpg\",\"name\":\"4-01.jpg\"}]"
94,"2016年美国拉斯 2016国际汽车零部件及售后服务展览会","Automotive Aftermarket Products Expo","美国客户","美国",1477929600000,1478102400000,1506232081699,"[{\"url\":\"/static/upload/20170924_134750.jpg\",\"name\":\"1-01.jpg\"},{\"url\":\"/static/upload/20170924_134753.jpg\",\"name\":\"2-01.jpg\"},{\"url\":\"/static/upload/20170924_134757.jpg\",\"name\":\"3-01.jpg\"},{\"url\":\"/static/upload/20170924_134800.jpg\",\"name\":\"4-01.jpg\"}]"
95,"2017年澳大利亚汽配展","2017 Australian Auto Aftermarket Expo","澳洲客户","澳洲",1491408000000,1491580800000,1506232153032,"[{\"url\":\"/static/upload/20170924_134902.jpg\",\"name\":\"1-01.jpg\"},{\"url\":\"/static/upload/20170924_134905.jpg\",\"name\":\"2-01.jpg\"},{\"url\":\"/static/upload/20170924_134908.jpg\",\"name\":\"3-01.jpg\"},{\"url\":\"/static/upload/20170924_134911.jpg\",\"name\":\"4-01.jpg\"}]"
96,"2016年澳大利亚食品展","Find Food Australia","澳洲客户","澳洲",1473609600000,1473782400000,1506232207223,"[{\"url\":\"/static/upload/20170924_134957.jpg\",\"name\":\"1-01.jpg\"},{\"url\":\"/static/upload/20170924_134959.jpg\",\"name\":\"2-01.jpg\"},{\"url\":\"/static/upload/20170924_135002.jpg\",\"name\":\"3-01.jpg\"},{\"url\":\"/static/upload/20170924_135005.jpg\",\"name\":\"4-01.jpg\"}]"
97,"2017第九届北京国际印刷技术展览会","The 9th Beijing International Printing Technology Exhibition","博星印刷器材(苏州)有限公司","北京",1494259200000,1494604800000,1506232289932,"[{\"url\":\"/static/upload/20170924_135115.jpg\",\"name\":\"1-01.jpg\"},{\"url\":\"/static/upload/20170924_135122.jpg\",\"name\":\"2-01.jpg\"},{\"url\":\"/static/upload/20170924_135125.jpg\",\"name\":\"3-01.jpg\"},{\"url\":\"/static/upload/20170924_135128.jpg\",\"name\":\"4-01.jpg\"}]"
98,"2017中国（北京）国际游乐设施设备博览会","CHINA（BEIJING）ATTRACTIONS EXPO","成都智和振翎企业管理咨询有限公司","北京",1489680000000,1489939200000,1506232408220,"[{\"url\":\"/static/upload/20170924_135314.jpg\",\"name\":\"1-01.jpg\"},{\"url\":\"/static/upload/20170924_135317.jpg\",\"name\":\"2-01.jpg\"},{\"url\":\"/static/upload/20170924_135323.jpg\",\"name\":\"3-01.jpg\"},{\"url\":\"/static/upload/20170924_135326.jpg\",\"name\":\"4-01.jpg\"}]"
99,"2017第九届北京国际印刷技术展览会","The 9th Beijing International Printing Technology Exhibition","上海旭恒精工机械制造有限公司","北京",1494259200000,1494604800000,1506232504486,"[{\"url\":\"/static/upload/20170924_135450.jpg\",\"name\":\"1-01.jpg\"},{\"url\":\"/static/upload/20170924_135454.jpg\",\"name\":\"2-01.jpg\"},{\"url\":\"/static/upload/20170924_135458.jpg\",\"name\":\"3-01.jpg\"},{\"url\":\"/static/upload/20170924_135503.jpg\",\"name\":\"4-01.jpg\"}]"
100,"2017第九届北京国际印刷技术展览会","The 9th Beijing International Printing Technology Exhibition","KBA","北京",1494259200000,1494604800000,1506232571666,"[{\"url\":\"/static/upload/20170924_135600.jpg\",\"name\":\"1-01.jpg\"},{\"url\":\"/static/upload/20170924_135604.jpg\",\"name\":\"2-01.jpg\"},{\"url\":\"/static/upload/20170924_135607.jpg\",\"name\":\"3-01.jpg\"},{\"url\":\"/static/upload/20170924_135610.jpg\",\"name\":\"4-01.jpg\"}]"
101,"2017中国（北京）国际游乐设施设备博览会","CHINA（BEIJING）ATTRACTIONS EXPO","成都智和振翎企业管理咨询有限公司","北京",1489680000000,1489939200000,1506232642805,"[{\"url\":\"/static/upload/20170924_135710.jpg\",\"name\":\"1-01.jpg\"},{\"url\":\"/static/upload/20170924_135714.jpg\",\"name\":\"2-01.jpg\"},{\"url\":\"/static/upload/20170924_135718.jpg\",\"name\":\"3-01.jpg\"},{\"url\":\"/static/upload/20170924_135721.jpg\",\"name\":\"4-01.jpg\"}]"
102,"2016中国（上海）国际游乐设施设备博览会","CHINA（SHANGHAI）ATTRACTIONS EXPO","北京乐客灵境科技有限公司","北京",1476979200000,1477411200000,1506232724363,"[{\"url\":\"/static/upload/20170924_135821.jpg\",\"name\":\"1-01.jpg\"},{\"url\":\"/static/upload/20170924_135824.jpg\",\"name\":\"2-01.jpg\"},{\"url\":\"/static/upload/20170924_135828.jpg\",\"name\":\"3-01.jpg\"},{\"url\":\"/static/upload/20170924_135842.jpg\",\"name\":\"4-01.jpg\"}]"
103,"2016第十一届COA国际学术大会","Chinese Orthopaedic Association","北京麦克斯摩尔商贸有限公司","北京",1479312000000,1479571200000,1506232813081,"[{\"url\":\"/static/upload/20170924_140002.jpg\",\"name\":\"1-01.jpg\"},{\"url\":\"/static/upload/20170924_140005.jpg\",\"name\":\"2-01.jpg\"},{\"url\":\"/static/upload/20170924_140008.jpg\",\"name\":\"3-01.jpg\"},{\"url\":\"/static/upload/20170924_140011.jpg\",\"name\":\"4-01.jpg\"}]"
104,"2016第八届广州电子游戏国际产业展","Chinese Orthopaedic Association","北京乐客灵境科技有限公司","北京",1473350400000,1473523200000,1506232884743,"[{\"url\":\"/static/upload/20170924_140114.jpg\",\"name\":\"1-01.jpg\"},{\"url\":\"/static/upload/20170924_140117.jpg\",\"name\":\"2-01.jpg\"},{\"url\":\"/static/upload/20170924_140120.jpg\",\"name\":\"3-01.jpg\"},{\"url\":\"/static/upload/20170924_140123.jpg\",\"name\":\"4-01.jpg\"}]"
105,"2016全国检察机关科技装备展","Chinese Orthopaedic Association","虹光","北京",1471449600000,1471536000000,1506232944228,"[{\"url\":\"/static/upload/20170924_140213.jpg\",\"name\":\"1-01.jpg\"},{\"url\":\"/static/upload/20170924_140216.jpg\",\"name\":\"2-01.jpg\"},{\"url\":\"/static/upload/20170924_140219.jpg\",\"name\":\"3-01.jpg\"},{\"url\":\"/static/upload/20170924_140223.jpg\",\"name\":\"4-01.jpg\"}]"
106,"2016第十六届中国国际冶金工业展览会","The 16th China International Metallurgical Industry Expo","昆山普达盛模具有限公司","北京",1463414400000,1463673600000,1506233015485,"[{\"url\":\"/static/upload/20170924_140324.jpg\",\"name\":\"1-01.jpg\"},{\"url\":\"/static/upload/20170924_140328.jpg\",\"name\":\"2-01.jpg\"},{\"url\":\"/static/upload/20170924_140331.jpg\",\"name\":\"3-01.jpg\"},{\"url\":\"/static/upload/20170924_140333.jpg\",\"name\":\"4-01.jpg\"}]"
107,"第二十四届中国杨凌农业高新科技成果博览会","","中华人民共和国科学技术部","陕西杨凌",1509811200000,1510243200000,1512020026011,"[{\"url\":\"/static/upload/20171130_104522.png\",\"name\":\"001.png\"},{\"url\":\"/static/upload/20171130_104524.png\",\"name\":\"001.png\"},{\"url\":\"/static/upload/20171130_104527.png\",\"name\":\"001.png\"},{\"url\":\"/static/upload/20171130_104530.png\",\"name\":\"001.png\"}]"
